opportunity_id,operator_name,operator_legal_name,operating_brand,operator_status,operator_confidence,operator_confidence_category,operator_evidence,operator_resolution_reason,chain_classification,contact_organization_name,contact_organization_type,contact_organization_role,contact_organization_confidence,contact_organization_evidence,contact_type_1,contact_value_1,contact_label_1,contact_source_url_1,contact_source_name_1,contact_source_type_1,contact_confidence_1,contact_match_reason_1,contact_utility_class_1,contact_relationship_1,contact_type_2,contact_value_2,contact_label_2,contact_source_url_2,contact_source_name_2,contact_source_type_2,contact_confidence_2,contact_match_reason_2,contact_utility_class_2,contact_relationship_2
3792ab6b-70c7-441a-bfdb-7c295b5d27e9,,,,DEVELOPER_ONLY,0.95,UNKNOWN,"Official Bedford filing identifies owners/developers but describes speculative professional or medical tenancy.","Applicant and development entity are known; no tenant/operator is named. Preserve unknown operator.",UNKNOWN,,,,,,,,,,,,,,,,,,,,,,,,,
884af2ef-bcba-404f-b12b-afdd49396188,,,,PROPERTY_OWNER_ONLY,0.98,UNKNOWN,"Official Portsmouth minutes state the prior Planet Fitness reference is no longer valid.","The municipal record expressly invalidates the former tenant reference; no replacement operator is identified.",UNKNOWN,,,,,,,,,,,,,,,,,,,,,,,,,
4313eb2d-d944-43c5-afa8-a42d48b264ab,Aranco Oil Company,Aranosian Oil Company Inc,Aranco Oil Company,KNOWN,0.95,HIGH,"Federal FMCSA registry confirms legal and DBA names; municipal filing is for the same company.","Legal entity and operating DBA are linked by an official federal registry and the project filing.",INDEPENDENT_LOCAL,,,,,,phone,(603) 224-7500,Official public business phone,https://safer.fmcsa.dot.gov/query.asp?query_param=USDOT&query_string=86218&query_type=queryCarrierSnapshot&searchtype=ANY,FMCSA SAFER carrier snapshot,official_federal_registry,0.95,"same operator legal name and DBA in official federal registry",BUSINESS_GENERAL,Corporate office route for the project operator,,,,,,,,,,
79a2be3a-4717-4246-b6c3-73f1255d8779,,,,PROPERTY_OWNER_ONLY,0.98,UNKNOWN,"Official Bedford filing calls the proposed use speculative.","No tenant can be resolved because the municipal application and current leasing page both market speculative space.",UNKNOWN,Cushman & Wakefield,commercial brokerage,broker,0.95,"Official brokerage listing is for 308 South River Road.",phone,(603) 628-2800,Leasing broker office,https://www.cushmanwakefield.com/en/united-states/properties/for-lease/industrial/nh/bedford/308-south-river-road/s123480445s123480445-l,Cushman & Wakefield property listing,official_property_listing,0.9,"same address on the brokerage's official listing",DEVELOPER,Leasing route for the speculative development,,,,,,,,,,
8614fa76-4f8f-4b5c-b6cb-e60f48abdce8,,,,DEVELOPER_ONLY,0.85,UNKNOWN,"Official Bedford evidence describes an owner-managed multi-tenant flex property with existing uses.","The expansion is multi-tenant and no incoming tenant is named; forcing one operator would be misleading.",INDEPENDENT_LOCAL,,,,,,,,,,,,,,,,,,,,,,,,,
d2cf1c13-18cd-4e45-9ad1-0ea47d766a6d,Bluebird Self Storage,Bluebird Salem LLC,Bluebird Self Storage,KNOWN,0.95,HIGH,"Official brand site confirms the NH self-storage operation; municipal filing confirms the Salem project.","Municipal project entity and official operator brand are consistently linked, but the stored company page is not a direct local contact.",INDEPENDENT_LOCAL,,,,,,website,https://www.bluebirdstorage.com,Official website with rental inquiry route,https://www.bluebirdstorage.com,Bluebird Self Storage official website,official_company,0.9,"same brand and same state on official company website",BUSINESS_GENERAL,Official operator inquiry route,,,,,,,,,,
15ba66b3-8448-496d-893a-bac776b28e40,,,,PROPERTY_OWNER_ONLY,0.9,UNKNOWN,"The car-wash project is verified but no operating brand is identified.","Address and use are known; public evidence does not establish the future car-wash operator.",UNKNOWN,,,,,,,,,,,,,,,,,,,,,,,,,
fb6f9a47-7d4f-4560-95fe-102c84837768,Kennebunk Savings Bank,Kennebunk Savings Bank,Kennebunk Savings,KNOWN,0.75,MEDIUM,"Municipal material identifies financial-services space and a reputable project announcement names Kennebunk Savings as the planned tenant.","The address-first use and tenant announcement agree, but the bank's current official location directory does not yet show 134 Pleasant Street; treat as proposed, not confirmed.",INDEPENDENT_LOCAL,,,,,,contact_page,https://www.kennebunksavings.com/contact-us/,Official bank contact page,https://www.kennebunksavings.com/contact-us/,Kennebunk Savings official contact page,official_company,0.9,"same operator on official company contact page",CORPORATE,Corporate route for the proposed tenant,,,,,,,,,,
efc1a877-b0a3-4b31-b89e-3321ce736221,Revo Casino and Social House,Granite State Poker Alliance LLC,Revo Casino,KNOWN,0.98,CONFIRMED,"Official NH Lottery location list confirms the Revo brand at 1279 South Willow.","Official state directory matches the operating brand to the exact project address.",CHAIN_FRANCHISE,,,,,,phone,(603) 935-9947,Official public location phone,https://nhlottery.com/Sports/DraftKings-Sportsbook-Locations,New Hampshire Lottery location directory,official_public_directory,0.98,"same brand and same address in official state directory",LOCAL_DIRECT,Direct location phone,,,,,,,,,,
a845530a-b449-471e-b317-fe466022801e,Greywacke LLC,Greywacke LLC,Greywacke,KNOWN,0.9,HIGH,"Official filing identifies Greywacke as the landscape-contractor office operator.","The applicant and operating business are the same named entity in the municipal record.",INDEPENDENT_LOCAL,,,,,,,,,,,,,,,,,,,,,,,,,
9ad4b7e5-ca42-4752-b90b-e255a370c6f9,FedEx,Federal Express Corporation,FedEx,KNOWN,0.99,CONFIRMED,"Portsmouth municipal records describe the FedEx facility and the official FedEx location page lists 218 Griffin Road.","Exact project address and operator use match across municipal evidence and the official company location page.",CHAIN_FRANCHISE,,,,,,contact_page,https://www.fedex.com/en-us/customer-support.html,Official customer support route,https://local.fedex.com/en-us/nh/portsmouth/psma,FedEx official Portsmouth location page,official_company,0.98,"same brand and same address on official location page",BUSINESS_GENERAL,Official operator support route,,,,,,,,,,
df121c32-9b14-43c8-8cfe-6dd8c3a21d89,RPM Fuels LLC,RPM Fuels LLC,RPM Fuels,KNOWN,0.98,CONFIRMED,"Official Bedford filing identifies RPM Fuels as applicant at 137 Route 101.","The named applicant and official operator location page match the exact address.",INDEPENDENT_LOCAL,,,,,,phone,(603) 472-2763,Official business phone,https://www.rpmfuels101.com/location,RPM Fuels official location page,official_company,0.98,"same operator and same address on official location page",LOCAL_DIRECT,Direct location phone,,,,,,,,,,
59b02d59-a13d-479e-bbce-0fe72c9c2874,Quirk Commercial Trucks,Raymond Spillane LLC,Quirk Commercial Trucks,KNOWN,0.98,CONFIRMED,"Municipal filing names the existing Quirk operation and the official business site matches 2060 Brown Avenue.","Municipal and official company evidence match the brand and exact address.",CHAIN_FRANCHISE,,,,,,phone,(603) 263-4937,Official location phone,https://quirkcommercialtruckcentermanchester.com,Quirk Commercial Trucks official site,official_company,0.98,"same brand and same address on official company website",LOCAL_DIRECT,Direct location phone,,,,,,,,,,
edb4d0ef-3f82-4b12-83eb-cff01327482d,Yatco Energy,Yatco Distribution LLC,Yatco,KNOWN,0.9,HIGH,"Official Bedford minutes identify Yatco as the prospective project operator; subsequent approval reporting identifies the same tenant and Mobil brand.","The municipal record names the prospective operator at this project, corroborated by later approval reporting; no official Yatco location page exists yet, so confidence remains HIGH.",CHAIN_FRANCHISE,,,,,,contact_page,https://yatcoenergy.com/contact/,Official company contact form,https://yatcoenergy.com/contact/,Yatco Energy official contact page,official_company,0.98,"same operator on official company contact page",BUSINESS_GENERAL,Official operator inquiry route,phone,(508) 786-5670,Official company phone,https://yatcoenergy.com/contact/,Yatco Energy official contact page,official_company,0.98,"same operator on official company contact page",CORPORATE,Corporate route for the prospective operator
86b7b59a-0836-4791-adcd-e2f5bd297084,,,,DEVELOPER_ONLY,0.95,UNKNOWN,"Owner/developer is known but the project contains 14 contractor units.","This is a multi-tenant development; none of the future contractor tenants is identified.",UNKNOWN,,,,,,,,,,,,,,,,,,,,,,,,,
e504d042-ab03-4648-9193-6626caf82beb,,,,PROPERTY_OWNER_ONLY,0.9,UNKNOWN,"Adult-education use is verified but the operating institution is unnamed.","The project use is known but no university brand is supported by public evidence.",UNKNOWN,Brooks Properties,property management,property_manager,0.98,"Official Brooks property material links the Keewaydin property to Brooks/Brookside Park.",email,leasing-sales@brooksproperties.com,Official leasing email,https://www.brooksproperties.com/contact-us/,Brooks Properties official contact page,official_property_manager,0.98,"same address and property manager on official source",PROPERTY_MANAGER,Property-management route for the unnamed education tenant,phone,(603) 894-1104,Official property manager phone,https://www.brooksproperties.com/contact-us/,Brooks Properties official contact page,official_property_manager,0.98,"same address and property manager on official source",PROPERTY_MANAGER,Property-management route for the unnamed education tenant
601a2fc1-c764-4b7d-a9e6-2b115760a40d,HDR Holdings LLC,HDR Holdings LLC,Wonder,KNOWN,0.99,CONFIRMED,"Official Salem packet identifies HDR Holdings LLC dba Wonder as tenant/operator.","Official municipal evidence identifies the legal entity, operating brand, and exact project address.",CHAIN_FRANCHISE,,,,,,contact_page,https://support.wonder.com,Official support/contact route,https://support.wonder.com/hc/en-us/sections/13226271016212-Get-To-Know-Us,Wonder official support site,official_company,0.95,"same brand on official support domain",BUSINESS_GENERAL,Official operator support route,,,,,,,,,,
